Backbone,rel_reference_grammar
K205R,1.389331
N174D,0.67217636
N138D,0.58941805
Q189R,0.5253929
K292E,0.46682584
T151K,0.3868891
Reference,0.0
T344A,-0.03575027
K18N,-0.05017948
S394N,-0.10469496
I176K,-0.7159405
S160N,-1.4146374
