Backbone,rel_reference_grammar
N174D,0.640182
I176K,0.49039054
K205R,0.1855101
T344A,0.07246822
K18N,0.038294733
Reference,0.0
K292E,-0.018431246
Q189R,-0.18286043
N138D,-0.1846543
S394N,-0.31900787
T151K,-1.0872025
S160N,-1.6945477
