Backbone,rel_reference_grammar
Q189R,0.53479874
K292E,0.27300644
T151K,0.13174677
N138D,0.029038727
Reference,0.0
T344A,-0.035602987
S394N,-0.093367815
K18N,-0.1737479
K205R,-0.27426875
I176K,-0.44519997
N174D,-0.5003754
S160N,-0.5089031
